Question,Answer
1. What is the proposed method for transfer learning in NLP according to the text?,The proposed method for transfer learning in NLP according to the text is Universal Language Model Fine-tuning (ULMFiT).
2. How does Universal Language Model Fine-tuning (ULMFiT) surpass the state-of-the-art in text classification tasks?,"Universal Language Model Fine-tuning (ULMFiT) surpasses the state-of-the-art in text classification tasks by significantly outperforming existing transfer learning techniques. It reduces the error by 18-24% on the majority of datasets, even with only 100 labeled examples, matching the performance of training from scratch with 100 times more data. ULMFiT achieves this by pretraining a language model on a large general-domain corpus and fine-tuning it on the target task using novel techniques like discriminative fine-tuning, slanted triangular learning rates, and gradual unfreezing."
3. What real-world applications of text classification are mentioned in the text?,"The real-world applications of text classification mentioned in the text include spam, fraud, and bot detection, emergency response, and commercial document classification for legal discovery."
4. What are the key techniques introduced for fine-tuning a language model in ULMFiT?,"The key techniques introduced for fine-tuning a language model in ULMFiT are discriminative fine-tuning, slanted triangular learning rates, and gradual unfreezing. These techniques are used to retain previous knowledge and prevent catastrophic forgetting during fine-tuning, ultimately improving the performance of the model on various NLP tasks."
5. How does ULMFiT's performance with only 100 labeled examples compare to training from scratch with more data?,ULMFiT's performance with only 100 labeled examples matches the performance of training from scratch with 10× and 20× more data on IMDb and AG respectively. This demonstrates the benefit of general-domain LM pretraining.
6. What are some benefits of pretraining a language model in ULMFiT?,"Some benefits of pretraining a language model in ULMFiT include:
1. Capturing general properties of language: Pretraining on a large general-domain corpus helps the language model capture general features of language.
2. Generalization to small datasets: Pretraining enables the language model to generalize even with a small number of labeled examples.
3. Faster convergence during fine-tuning: Fine-tuning the language model on target task data converges faster as it only needs to adapt to the idiosyncrasies of the target data.
4. Robust learning for small datasets: ULMFiT allows for robust learning even with limited labeled data, preventing overfitting and achieving state-of-the-art results on small datasets."
7. How do discriminative fine-tuning and slanted triangular learning rates enhance the performance of ULMFiT?,"Discriminative fine-tuning in ULMFiT allows for tuning each layer with different learning rates, as different layers capture different types of information. This method helps in adapting the model more effectively to the target task data. 

On the other hand, slanted triangular learning rates (STLR) in ULMFiT provide a learning rate schedule that first linearly increases the learning rate and then linearly decays it. This approach helps the model to quickly converge to a suitable region of the parameter space at the beginning of training and then refine its parameters. 

Both discriminative fine-tuning and slanted triangular learning rates contribute to the improved performance of ULMFiT by enabling more effective adaptation of the language model to the target task data."
8. What challenges are encountered in fine-tuning language models for NLP tasks?,"The challenges encountered in fine-tuning language models for NLP tasks include overfitting to small datasets, catastrophic forgetting when fine-tuned with a classifier, and the need for millions of in-domain documents to achieve good performance. Additionally, the lack of knowledge on how to train language models effectively has hindered wider adoption of fine-tuning. NLP models are typically more shallow compared to computer vision models, requiring different fine-tuning methods."
9. How does ULMFiT address the issue of catastrophic forgetting during fine-tuning?,"ULMFiT addresses the issue of catastrophic forgetting during fine-tuning by using discriminative fine-tuning and slanted triangular learning rates. Discriminative fine-tuning allows tuning each layer of the model with different learning rates, which helps retain previous knowledge. Slanted triangular learning rates help the model quickly converge to a suitable region of the parameter space at the beginning of training and then refine its parameters, preventing catastrophic forgetting."
10. How does ULMFiT stack up against existing transfer learning methods in NLP tasks?,"ULMFiT significantly outperforms existing transfer learning methods in NLP tasks. It reduces the error by 18-24% on the majority of datasets and matches the performance of training from scratch with only 100 labeled examples, even when compared to models trained with 100x more data. Additionally, ULMFiT introduces novel fine-tuning techniques that prevent catastrophic forgetting and enable robust learning across a diverse range of tasks, surpassing the state-of-the-art on six representative text classification tasks."
